confidence_interval,file_name,transcript
0.6342357397079468,Alexsample13-25818-20200501-0413.wav,set up and just so Hospital would have bought a house in stock
0.49702516198158264,Alexsample10-25818-20200501-0413.wav,and his office
0.6937153935432434,Alexsample14-25818-20200501-0413.wav,I tried photo with all right
0.5447339415550232,Alexsample12-25818-20200501-0413.wav,7113 Oak Street 35414
0.7613538503646851,Alexsample16-25818-20200501-0413.wav,never notified same content on it
0.6604815721511841,Alexsample16-25818-20200501-0413.wav, no problem in route to the high school
0.6432586312294006,Alexsample15-25818-20200501-0413.wav,car locations required to be outside in the motor vehicle
0.7192848920822144,Alexsample11-25818-20200501-0413.wav,yep
